Date,Close/Last,Volume,Open,High,Low
08/26/2022,$43.57,2478087,$44.51,$44.55,$43.52
08/25/2022,$44.38,2011108,$44.3,$44.41,$44.0215
08/24/2022,$44.11,2232818,$43.63,$44.21,$43.62
08/23/2022,$43.72,2334229,$43.27,$43.8,$43.08
08/22/2022,$42.97,2217379,$43.08,$43.17,$42.765
08/19/2022,$43.28,1685062,$43.24,$43.3555,$42.94
08/18/2022,$43.33,2892985,$43.1,$43.47,$42.97
08/17/2022,$42.8,2251232,$43,$43,$42.67
08/16/2022,$43.19,2975799,$42.76,$43.2476,$42.69
08/15/2022,$42.72,2939054,$42.68,$42.89,$42.42
08/12/2022,$43.51,6153115,$43.58,$43.66,$43.2424
08/11/2022,$44.28,6280955,$44.21,$44.5775,$44.1
08/10/2022,$43.88,2491488,$43.76,$44.1,$43.56
08/09/2022,$43.42,2375341,$43.63,$43.83,$43.31
08/08/2022,$43.41,2265252,$43.09,$43.54,$43.04
08/05/2022,$42.77,3747014,$42.7,$42.87,$42.405
08/04/2022,$43.25,2976882,$44.03,$44.09,$43.18
08/03/2022,$44.16,2276585,$44.2,$44.2701,$43.79
08/02/2022,$43.99,3288181,$44.74,$44.81,$43.96
08/01/2022,$44.53,2318348,$44.47,$44.63,$43.905
07/29/2022,$44.93,2818279,$44.95,$45.21,$44.51
07/28/2022,$44.71,2829034,$44.9,$44.9,$44.15
07/27/2022,$44.6,3041818,$44,$44.78,$43.81
07/26/2022,$43.82,2895849,$44.02,$44.24,$43.65
07/25/2022,$44.01,2604926,$43.2,$44.03,$43.12
07/22/2022,$42.91,1819322,$43.12,$43.38,$42.685
07/21/2022,$42.96,2368651,$42.47,$42.99,$42.385
07/20/2022,$43.08,2200981,$43.12,$43.175,$42.69
07/19/2022,$43.15,2989224,$42.72,$43.245,$42.67
07/18/2022,$42.46,2869589,$42.18,$42.79,$42.12
07/15/2022,$41.59,2467550,$41.63,$41.78,$41.23
07/14/2022,$41.1,3958087,$40.68,$41.145,$40.04
07/13/2022,$41.64,3760142,$41.41,$41.915,$41.27
07/12/2022,$41.74,2191376,$41.63,$41.955,$41.44
07/11/2022,$42.1,2342057,$41.78,$42.19,$41.545
07/08/2022,$42.19,2189317,$42.13,$42.4529,$41.76
07/07/2022,$42,2903162,$41.88,$42.1461,$41.634
07/06/2022,$41.28,3410774,$41.05,$41.56,$40.42
07/05/2022,$41.44,4152253,$42,$42.02,$40.39
07/01/2022,$42.66,2826770,$42.33,$42.76,$41.83
06/30/2022,$42.26,3173709,$42.06,$42.31,$41.7
06/29/2022,$42.44,3219782,$42.9,$42.94,$42.24
06/28/2022,$42.54,3369232,$42.89,$43.125,$42.31
06/27/2022,$42.18,3246827,$41.97,$42.455,$41.895
06/24/2022,$41.78,3209877,$41.23,$41.92,$40.93
06/23/2022,$40.8,5005336,$41.33,$41.49,$40.535
06/22/2022,$41.25,3949631,$40.57,$41.56,$40.24
06/21/2022,$41.49,3835653,$41.22,$41.815,$41.11
06/17/2022,$40.49,8219967,$40.64,$40.9607,$39.41
06/16/2022,$40.97,5365525,$41.99,$42,$40.855
06/15/2022,$42.68,4820433,$43,$43.225,$41.78
06/14/2022,$42.94,5778413,$44.16,$44.25,$42.66
06/13/2022,$44,5480731,$44.6,$44.75,$43.74
06/10/2022,$45.55,3135009,$45.92,$45.92,$45.2
06/09/2022,$46.17,2798468,$46.98,$47.03,$46.1346
06/08/2022,$47.18,2485161,$47.59,$47.67,$46.88
06/07/2022,$47.53,2514799,$47.23,$47.5999,$46.98
06/06/2022,$47.11,2543706,$47,$47.27,$46.92
06/03/2022,$46.81,2500923,$46.9,$47.165,$46.71
06/02/2022,$46.93,3471717,$46,$47.04,$45.86
06/01/2022,$45.95,5981698,$46.53,$46.64,$45.905
05/31/2022,$46.15,4054808,$46.42,$46.7,$46.045
05/27/2022,$46.2,5711093,$45.99,$46.44,$45.94
05/26/2022,$45.85,2836635,$45.16,$46,$45.13
05/25/2022,$45.1,2752073,$44.98,$45.2936,$44.78
05/24/2022,$44.98,3557844,$45,$45.13,$44.27
05/23/2022,$44.91,2436571,$44.87,$45.38,$44.69
05/20/2022,$44.54,3489476,$44.7,$44.895,$43.84
05/19/2022,$44.44,3893683,$43.77,$44.74,$43.77
05/18/2022,$44.24,3345196,$44.97,$45.1,$44.035
05/17/2022,$44.89,3357964,$44.91,$45.04,$44.56
05/16/2022,$44.58,4430573,$44,$44.84,$43.88
05/13/2022,$43.79,5070670,$43.2,$44.07,$43.11
05/12/2022,$42.68,9391079,$42.33,$42.7,$42.02
05/11/2022,$43.13,8063583,$43.43,$44.2014,$43.05
05/10/2022,$42.94,5777185,$43.84,$44.16,$42.435
05/09/2022,$43.38,6738685,$45.05,$45.05,$43.245
05/06/2022,$45.43,5652072,$45.61,$45.69,$44.31
05/05/2022,$44.58,5089480,$45.41,$45.57,$44.14
05/04/2022,$45.19,4975608,$44.34,$45.305,$44.0381
05/03/2022,$43.86,3833723,$43.51,$44.29,$43.49
05/02/2022,$43.43,3682185,$43.5,$43.714,$42.86
04/29/2022,$43.64,4433681,$44.73,$44.86,$43.515
04/28/2022,$44.61,3377379,$44.09,$44.8706,$43.88
04/27/2022,$43.82,3196029,$43.95,$44.1656,$43.4399
04/26/2022,$43.76,3496266,$44.05,$44.33,$43.725
04/25/2022,$44.15,5380840,$44,$44.431,$43.175
04/22/2022,$44.86,3875374,$46.02,$46.23,$44.7692
04/21/2022,$46.31,2994719,$46.94,$47.22,$46.28
04/20/2022,$46.83,2776204,$46.6,$47.0482,$46.46
04/19/2022,$46.42,2230007,$46.16,$46.5354,$46.02
04/18/2022,$46.19,2710864,$46.32,$46.41,$46.04
04/14/2022,$46.22,2507557,$46.3,$46.565,$46.11
04/13/2022,$46.38,3234452,$46.3,$46.5,$46.04
04/12/2022,$46.13,2670981,$46.36,$46.65,$46.1089
04/11/2022,$46.1,3352046,$46.6,$46.66,$45.925
04/08/2022,$46.71,3397505,$46.17,$46.88,$46.17
04/07/2022,$46.14,4742454,$46.54,$46.58,$45.57
04/06/2022,$46.54,3161254,$46.63,$46.8555,$46.32
04/05/2022,$46.51,2678675,$46.8,$47.42,$46.5
04/04/2022,$46.63,2556938,$46.55,$46.81,$46.38
04/01/2022,$46.4,2629584,$46.22,$46.53,$46.05
03/31/2022,$46.09,3393420,$46.14,$46.4964,$46.05
03/30/2022,$46.35,2644985,$46.33,$46.42,$46.04
03/29/2022,$46.13,3017575,$45.59,$46.27,$45.46
03/28/2022,$45.94,2843490,$45.88,$45.98,$45.475
03/25/2022,$46.36,4348445,$45.41,$46.37,$45.41
03/24/2022,$45.41,2508101,$45.29,$45.48,$45.1579
03/23/2022,$45.06,3479885,$45.41,$45.43,$45.05
03/22/2022,$45.21,3412342,$45.39,$45.59,$45.01
03/21/2022,$45.25,5271822,$45,$45.445,$44.91
03/18/2022,$44.84,3581424,$44.83,$44.97,$44.43
03/17/2022,$44.75,4174139,$44.27,$44.99,$44.26
03/16/2022,$44.02,3452754,$44.11,$44.46,$43.472
03/15/2022,$44.06,4182728,$43.37,$44.12,$43.11
03/14/2022,$43.92,5296480,$44.4,$44.4,$43.53
03/11/2022,$44.46,3941061,$44.4,$44.76,$44.27
03/10/2022,$44.44,4377921,$44.28,$44.5338,$43.865
03/09/2022,$44.1,4347812,$43.52,$44.4521,$43.46
03/08/2022,$43.86,7389369,$44.5,$44.5054,$43.645
03/07/2022,$44.24,5693963,$44.97,$45.13,$44.185
03/04/2022,$44.75,10678720,$44.19,$44.885,$44.06
03/03/2022,$44.42,4100057,$44.2,$44.77,$44.2
03/02/2022,$44.4,6455702,$43.76,$44.635,$43.57
03/01/2022,$43.38,7982342,$43.43,$44.045,$42.97
02/28/2022,$43.18,7063871,$42.3,$43.25,$42.26
02/25/2022,$42.6,6692951,$41.7,$42.61,$41.61
02/24/2022,$41.49,5902827,$41,$41.545,$40.73
02/23/2022,$41.54,4544145,$41.5,$41.72,$41.28
02/22/2022,$41.27,4440604,$41.57,$41.63,$40.67
02/18/2022,$41.18,3298867,$41.43,$41.56,$41.1401
02/17/2022,$41.51,5485300,$41.53,$41.71,$41.295
02/16/2022,$41.64,3990588,$41.49,$41.845,$41.16
02/15/2022,$41.3,5538884,$41.155,$41.5,$40.825
02/14/2022,$41.45,12542360,$42.3,$42.48,$41.115
02/11/2022,$43.6,10721100,$43.155,$43.72,$42.83
02/10/2022,$42.85,5458311,$42.85,$43.395,$42.77
02/09/2022,$42.94,3024397,$42.8,$43.11,$42.8
02/08/2022,$42.74,4831905,$43.39,$43.6,$42.705
02/07/2022,$43.38,5976600,$43.09,$43.5156,$42.96
02/04/2022,$42.87,3690434,$42.91,$43.24,$42.71
02/03/2022,$42.93,3769676,$42.85,$43.19,$42.68
02/02/2022,$43.09,4595461,$42.59,$43.22,$42.59
02/01/2022,$42.54,4590776,$42.18,$42.68,$42.03
01/31/2022,$42.27,4388577,$41.42,$42.415,$41.41
01/28/2022,$41.49,3652159,$41.04,$41.525,$40.95
01/27/2022,$41.19,4878007,$41.59,$41.84,$40.94
01/26/2022,$41.26,5572953,$41.45,$41.84,$40.95
01/25/2022,$41.02,6235607,$40,$41.125,$39.94
01/24/2022,$40.23,10400970,$39.79,$40.335,$39.03
01/21/2022,$40.81,10735390,$41.5,$41.6,$40.4042
01/20/2022,$41.77,7449654,$42,$42.235,$41.76
01/19/2022,$42.13,7149405,$42.27,$42.305,$41.5901
01/18/2022,$42.17,7259424,$41.91,$42.2464,$41.69
01/14/2022,$41.66,4243139,$41.68,$41.78,$41.26
01/13/2022,$41.75,4158692,$41.8,$42.08,$41.67
01/12/2022,$41.69,4374941,$41.5,$41.6999,$41.3099
01/11/2022,$41.34,3511814,$41,$41.35,$40.705
01/10/2022,$40.74,4223816,$40.57,$40.75,$40.25
01/07/2022,$40.58,6349982,$39.7,$40.64,$39.405
01/06/2022,$40.02,5823873,$39.39,$40.03,$39.25
01/05/2022,$39.36,4792247,$39.21,$39.84,$39.17
01/04/2022,$38.97,4043666,$39.59,$39.67,$38.935
01/03/2022,$39.23,2993516,$39.13,$39.53,$39.06
12/31/2021,$39.08,3780228,$38.77,$39.13,$38.6841
12/30/2021,$38.65,3304744,$38.44,$38.76,$38.43
12/29/2021,$38.39,3079794,$38.3,$38.46,$38.115
12/28/2021,$38.3,2269705,$38.48,$38.575,$38.24
12/27/2021,$38.44,2578301,$38.1,$38.4594,$37.86
12/23/2021,$38.44,4131966,$38.1,$38.4594,$37.86
12/22/2021,$37.61,4155109,$37.34,$37.675,$37.16
12/21/2021,$37.39,13365270,$37.25,$37.625,$37.15
12/20/2021,$36.89,12504410,$36.51,$37.04,$36.205
12/17/2021,$36.92,7514331,$36.89,$37.235,$36.69
12/16/2021,$37.35,10060230,$37.56,$37.765,$37.33
12/15/2021,$37.08,11975470,$37.28,$37.3588,$36.925
12/14/2021,$37.37,4388738,$37.51,$37.65,$37.25
12/13/2021,$37.55,4195721,$37.88,$37.92,$37.4601
12/10/2021,$37.79,5376405,$37.95,$38.12,$37.7332
12/09/2021,$37.78,8716973,$38.24,$38.31,$37.725
12/08/2021,$38.46,5960973,$38.81,$38.87,$38.28
12/07/2021,$38.7,7526085,$38.58,$38.89,$38.39
12/06/2021,$37.87,9964691,$37.82,$37.89,$37.385
12/03/2021,$37.28,4701036,$37.71,$37.735,$37.205
12/02/2021,$37.39,5622664,$37.07,$37.75,$36.88
12/01/2021,$37.07,5998866,$38.18,$38.19,$37.06
11/30/2021,$37.54,7314096,$37.895,$37.8999,$37.22
11/29/2021,$38.21,8630094,$39.13,$39.33,$38.08
11/26/2021,$38.99,4829399,$39.17,$39.23,$38.685
11/24/2021,$39.9,5300667,$39.71,$40.105,$39.605
11/23/2021,$39.81,5339241,$39.6,$39.89,$39.47
11/22/2021,$39.47,5316010,$39.66,$39.68,$39.29
11/19/2021,$39.72,7537228,$39.76,$39.83,$39.305
11/18/2021,$40.07,5584064,$40.2,$40.215,$39.86
11/17/2021,$40.22,3058238,$40.3,$40.78,$40.05
11/16/2021,$40.33,7000861,$40.41,$40.65,$40.26
11/15/2021,$40.43,7428768,$40.6,$40.75,$40.24
11/12/2021,$40.41,5861061,$41.22,$41.23,$40.36
11/11/2021,$41.8,4944702,$42.16,$42.16,$41.77
11/10/2021,$42.2,7472828,$42.32,$42.5606,$42.1
11/09/2021,$42.29,7698377,$42.47,$42.71,$42.25
11/08/2021,$42.33,6833132,$43.32,$43.34,$42.27
11/05/2021,$43.3,6164423,$42.41,$43.345,$42.2
11/04/2021,$41.93,4682547,$42.71,$42.73,$41.73
11/03/2021,$42.15,3201772,$41.89,$42.19,$41.83
11/02/2021,$42.13,2522421,$42.21,$42.27,$41.98
11/01/2021,$42.4,2584354,$42,$42.43,$41.92
10/29/2021,$41.86,3021105,$42.25,$42.25,$41.72
10/28/2021,$42.28,4155010,$42.16,$42.33,$41.8301
10/27/2021,$42.16,4496210,$42.39,$42.705,$42.16
10/26/2021,$42.57,2869993,$42.77,$42.9959,$42.56
10/25/2021,$42.66,6529964,$42.89,$42.89,$42.35
10/22/2021,$42.8,2732940,$42.61,$42.815,$42.495
10/21/2021,$42.52,3862958,$42.94,$43.06,$42.47
10/20/2021,$43.18,4844517,$42.96,$43.2058,$42.75
10/19/2021,$42.89,4955880,$42.79,$43.1,$42.7391
10/18/2021,$42.65,4798987,$42.68,$42.97,$42.53
10/15/2021,$42.56,4235186,$42.74,$42.78,$42.515
10/14/2021,$42.53,3051848,$42.44,$42.6868,$42.26
10/13/2021,$42.11,6563583,$41.72,$42.11,$41.6
10/12/2021,$41.84,3680781,$41.33,$42.03,$41.29
10/11/2021,$41.34,3618561,$41.75,$41.79,$41.04
10/08/2021,$41.37,6659935,$41.01,$41.49,$40.77
10/07/2021,$40.8,4557297,$40.62,$40.96,$40.6002
10/06/2021,$40.55,5535522,$39.92,$40.58,$39.68
10/05/2021,$40.18,4108965,$40.61,$40.73,$40.095
10/04/2021,$40.42,3933387,$40.26,$40.77,$40.13
10/01/2021,$40.02,2477156,$39.91,$40.125,$39.63
09/30/2021,$39.8,2748577,$39.97,$40.17,$39.695
09/29/2021,$39.82,2672745,$39.85,$40.16,$39.615
09/28/2021,$39.8,5392375,$40.43,$40.5,$39.67
09/27/2021,$40.39,3411468,$40.2,$40.57,$40.08
09/24/2021,$40.03,1745283,$39.92,$40.16,$39.87
09/23/2021,$40.08,2184511,$39.79,$40.27,$39.61
09/22/2021,$39.52,2989364,$39.56,$39.86,$39.36
09/21/2021,$39.22,3339446,$39.27,$39.5799,$39.065
09/20/2021,$38.87,5784638,$39,$39.31,$38.56
09/17/2021,$39.65,4367334,$39.91,$40.06,$39.5529
09/16/2021,$40.06,2520755,$40.19,$40.3,$39.95
09/15/2021,$40.27,2280604,$40.06,$40.35,$39.9
09/14/2021,$39.8,2308237,$40.38,$40.43,$39.735
09/13/2021,$40.14,2792837,$40.01,$40.41,$40.01
09/10/2021,$39.8,1777492,$40.31,$40.4,$39.73
09/09/2021,$40.08,3016860,$40.3,$40.47,$40.02
09/08/2021,$40.41,3916125,$39.95,$40.49,$39.93
09/07/2021,$39.96,4225015,$40,$40.2,$39.83
09/03/2021,$40.03,3838121,$39.86,$40.0652,$39.7097
09/02/2021,$39.82,3152207,$39.69,$39.82,$39.56
09/01/2021,$39.47,3305450,$39.31,$39.609,$39.3
08/31/2021,$39.31,6028839,$39.38,$39.45,$38.79
08/30/2021,$39.53,4433535,$39.54,$39.68,$39.4
08/27/2021,$39.44,3044093,$39,$39.53,$38.96
08/26/2021,$38.92,3186292,$39.01,$39.225,$38.81
08/25/2021,$39.13,1940829,$39.03,$39.26,$38.8
08/24/2021,$39,2536801,$38.85,$39.157,$38.66
08/23/2021,$38.73,3711433,$38.34,$38.75,$38.235
08/20/2021,$37.84,3439005,$37.18,$37.86,$37.0899
08/19/2021,$37.31,4707714,$37.72,$37.75,$37.06
08/18/2021,$38.18,4067552,$38.7,$38.74,$38.18
08/17/2021,$38.69,4895266,$39.14,$39.15,$38.395
08/16/2021,$39.21,3374221,$39.08,$39.31,$38.77
08/13/2021,$39.19,3603804,$39.11,$39.3767,$38.86
08/12/2021,$39.19,6972597,$39.61,$39.67,$39.12
08/11/2021,$40.28,4079122,$39.96,$40.315,$39.83
08/10/2021,$39.78,4365280,$39.41,$39.85,$39.35
08/09/2021,$39.24,7116231,$39.45,$39.59,$39.105
08/06/2021,$39.54,1955265,$39.59,$39.625,$39.33
08/05/2021,$39.51,1748101,$39.39,$39.66,$39.36
08/04/2021,$39.18,2758102,$39.28,$39.555,$39.07
08/03/2021,$39.47,2244652,$39.12,$39.5,$38.72
08/02/2021,$39.07,2551879,$39.52,$40.02,$39.06
07/30/2021,$39.35,5534465,$39.68,$39.79,$39.02
07/29/2021,$39.63,4311688,$39.68,$39.795,$39.475
07/28/2021,$39.34,3698952,$39.01,$39.465,$38.85
07/27/2021,$38.98,2343522,$38.87,$39.07,$38.7
07/26/2021,$38.9,3233705,$38.81,$39.3,$38.6333
07/23/2021,$38.81,1884744,$38.78,$38.843,$38.59
07/22/2021,$38.68,2121966,$38.7,$38.85,$38.4
07/21/2021,$38.6,2534886,$38.37,$38.81,$38.3
07/20/2021,$37.94,5691929,$37.72,$38.08,$37.34
07/19/2021,$37.8,6809263,$38.31,$38.5,$37.36
07/16/2021,$39.08,2136291,$39.3,$39.4967,$39.035
07/15/2021,$39.21,2550501,$39.4,$39.52,$39.1138
07/14/2021,$39.54,2616706,$40,$40,$39.44
07/13/2021,$39.9,2044262,$39.98,$39.99,$39.795
07/12/2021,$40.15,1802994,$40.09,$40.27,$39.97
07/09/2021,$40.25,1992204,$40,$40.29,$39.885
07/08/2021,$39.84,2415896,$39.75,$39.9988,$39.515
07/07/2021,$40.17,2597498,$40.15,$40.4071,$40.015
07/06/2021,$40.2,2423068,$40.56,$40.58,$39.76
07/02/2021,$40.69,2606670,$40.39,$40.7,$40.22
07/01/2021,$40.39,2058109,$40.25,$40.61,$40.175
06/30/2021,$40.04,2418272,$39.93,$40.2,$39.785
06/29/2021,$39.84,3598307,$39.85,$39.95,$39.73
06/28/2021,$39.84,5008280,$40.18,$40.18,$39.76
06/25/2021,$40.24,1935951,$40.23,$40.34,$40.04
06/24/2021,$40.08,2240632,$39.97,$40.13,$39.75
06/23/2021,$39.84,3872414,$40.19,$40.3077,$39.84
06/22/2021,$40,3059445,$40.03,$40.11,$39.46
06/21/2021,$40,2991907,$39.9,$40.15,$39.62
06/18/2021,$39.6,4793454,$40.03,$40.11,$39.44
06/17/2021,$40.41,4149265,$40.7,$40.81,$40.04
06/16/2021,$40.69,3384171,$40.88,$41.13,$40.54
06/15/2021,$40.78,3646765,$40.82,$40.9354,$40.5183
06/14/2021,$40.71,13202440,$39.75,$40.73,$39.71
06/11/2021,$39.68,3436178,$39.8,$39.885,$39.62
06/10/2021,$39.75,3801157,$40,$40.05,$39.53
06/09/2021,$39.77,3742886,$39.77,$39.91,$39.61
06/08/2021,$39.62,5018130,$39.69,$39.875,$39.53
06/07/2021,$39.52,2997074,$39.14,$39.57,$39.12
06/04/2021,$39.06,6985530,$38.82,$39.07,$38.73
06/03/2021,$38.63,4881760,$38.78,$38.9,$38.54
06/02/2021,$38.9,6121543,$38.9,$38.94,$38.745
06/01/2021,$38.67,5671090,$38.92,$38.995,$38.59
05/28/2021,$38.48,6134169,$38.74,$38.83,$38.41
05/27/2021,$38.65,4397770,$38.64,$38.84,$38.51
05/26/2021,$38.59,3185784,$38.47,$38.7,$38.4
05/25/2021,$38.45,3013272,$38.83,$38.92,$38.43
05/24/2021,$38.9,2367880,$38.75,$39.005,$38.61
05/21/2021,$38.61,2754332,$38.81,$38.91,$38.39
05/20/2021,$38.59,4019713,$38.09,$38.7062,$37.88
05/19/2021,$37.96,7241367,$38.55,$38.57,$37.835
05/18/2021,$38.86,7421797,$38.86,$38.99,$38.48
05/17/2021,$38.78,6654951,$38.91,$39.12,$38.645
05/14/2021,$38.95,5452468,$38.76,$39.21,$38.71
05/13/2021,$38.39,8903753,$38.73,$39.03,$38.105
05/12/2021,$39.83,5741641,$39.51,$40.42,$39.5
05/11/2021,$39.86,5078974,$39.73,$40.115,$39.58
05/10/2021,$40.05,8271016,$39.88,$40.355,$39.775
05/07/2021,$39.66,5228942,$39.41,$39.705,$38.54
05/06/2021,$39.79,3247195,$39.97,$40.1,$39.55
05/05/2021,$39.94,5049366,$39.21,$40.03,$39.15
05/04/2021,$38.98,3023761,$38.9,$39.01,$38.7
05/03/2021,$38.77,2648533,$38.77,$38.94,$38.55
04/30/2021,$38.57,3162488,$38.5,$38.65,$38.22
04/29/2021,$38.57,2819120,$38.46,$38.6278,$38.27
04/28/2021,$38.15,4433051,$37.82,$38.295,$37.71
04/27/2021,$37.67,2828774,$37.26,$37.745,$37.13
04/26/2021,$37.18,2675031,$37.08,$37.225,$37.04
04/23/2021,$37.09,2387575,$37.26,$37.26,$36.825
04/22/2021,$37.01,3314100,$37.3,$37.3599,$36.985
04/21/2021,$37.33,2313101,$36.55,$37.37,$36.55
04/20/2021,$36.8,3869068,$37.25,$37.34,$36.73
04/19/2021,$37.38,2643190,$37.45,$37.58,$37.21
04/16/2021,$37.32,5010672,$37.5,$37.5,$37.065
04/15/2021,$37.31,2242899,$37.19,$37.31,$37.06
04/14/2021,$37.09,2639268,$36.85,$37.25,$36.8
04/13/2021,$36.73,2947543,$36.84,$36.91,$36.5789
04/12/2021,$36.73,2203296,$36.93,$37.11,$36.59
04/09/2021,$36.88,2726144,$37.14,$37.18,$36.715
04/08/2021,$37.11,3188027,$36.58,$37.12,$36.47
04/07/2021,$36.74,2204412,$36.76,$36.99,$36.635
04/06/2021,$36.77,2694779,$37,$37.02,$36.67
04/05/2021,$36.98,2384193,$36.92,$36.99,$36.63
04/01/2021,$36.83,2385174,$36.71,$36.85,$36.33
03/31/2021,$36.4,3754942,$36.72,$36.77,$36.21
03/30/2021,$36.64,3624031,$36.85,$36.94,$36.57
03/29/2021,$37.2,5304092,$37.1,$37.305,$36.82
03/26/2021,$37.08,4183599,$36.93,$37.16,$36.775
03/25/2021,$36.68,3932701,$36.76,$36.81,$36.18
03/24/2021,$36.82,4239065,$36.34,$37.05,$36.25
03/23/2021,$36.2,4486361,$36.07,$36.51,$35.925
03/22/2021,$36.27,4577784,$36.29,$36.47,$36.19
03/19/2021,$36.27,3579627,$35.92,$36.425,$35.58
03/18/2021,$35.84,3276525,$36.28,$36.52,$35.73
03/17/2021,$36.63,2941605,$36.25,$36.76,$36.107
03/16/2021,$36.45,3699268,$36.56,$36.59,$36.12
03/15/2021,$36.6,3367085,$36.5,$36.64,$36.29
03/12/2021,$36.41,7976836,$36.34,$36.56,$36.18
03/11/2021,$36.34,5395381,$36.17,$36.435,$36.0301
03/10/2021,$35.91,5795856,$35.75,$36.1,$35.65
03/09/2021,$35.62,3503811,$35.98,$36.17,$35.595
03/08/2021,$35.85,3884789,$35.49,$35.94,$35.34
03/05/2021,$35.44,6656571,$35.52,$35.68,$35.06
03/04/2021,$35.2,6994673,$35.21,$35.705,$34.9
03/03/2021,$35.14,5702274,$35.02,$35.45,$34.52
03/02/2021,$35.02,3744158,$34.84,$35.24,$34.77
03/01/2021,$34.75,4602025,$34.41,$34.99,$34.14
02/26/2021,$33.81,5362795,$34.73,$34.81,$33.78
02/25/2021,$34.98,11199540,$35.86,$35.98,$34.97
02/24/2021,$35.75,6556363,$35.63,$35.915,$35.255
02/23/2021,$35.62,6009866,$35.17,$35.64,$34.57
02/22/2021,$35.06,6994341,$34.76,$35.33,$34.5107
02/19/2021,$34.66,3429165,$34.56,$34.725,$34.325
02/18/2021,$34.46,5103218,$34.44,$34.59,$34.07
02/17/2021,$34.52,5036507,$34.72,$34.92,$34.37
02/16/2021,$34.76,7801046,$34.94,$35.14,$34.67
02/12/2021,$34.57,17432900,$34.73,$34.82,$34.29
02/11/2021,$35.08,8688308,$35.5,$35.53,$34.8
02/10/2021,$36.08,3746996,$35.93,$36.1483,$35.8
02/09/2021,$35.73,6875062,$35.84,$35.85,$35.45
02/08/2021,$35.81,3148928,$35.5,$35.93,$35.32
02/05/2021,$35.17,3608235,$35.52,$35.53,$34.9938
02/04/2021,$35.27,6425476,$34.93,$35.295,$34.56
02/03/2021,$34.85,4610357,$34.54,$35.02,$34.38
02/02/2021,$34.45,3180942,$34.28,$34.615,$34.14
02/01/2021,$33.85,3011338,$33.86,$34.14,$33.52
01/29/2021,$33.6,3766983,$33.82,$34.06,$33.411
01/28/2021,$34,3760803,$33.9,$34.2,$33.58
01/27/2021,$33.84,3796709,$34.49,$34.59,$33.8001
01/26/2021,$34.86,2925405,$34.78,$34.99,$34.47
01/25/2021,$34.58,3518554,$34.65,$34.75,$34.29
01/22/2021,$34.66,3113668,$34.49,$34.79,$34.41
01/21/2021,$35.05,2653655,$35.56,$35.65,$34.94
01/20/2021,$35.56,2636342,$35.27,$35.6175,$35.1371
01/19/2021,$35.08,7188841,$35.01,$35.4,$34.48
01/15/2021,$35.26,6243660,$35.53,$35.53,$34.75
01/14/2021,$35.6,9020890,$34.73,$35.68,$34.63
01/13/2021,$34.6,7385112,$33.78,$34.65,$33.7
01/12/2021,$33.72,3321701,$33.45,$33.82,$33.2433
01/11/2021,$33.24,3500637,$33.01,$33.31,$32.79
01/08/2021,$33.35,4710579,$33.9,$33.99,$33.07
01/07/2021,$33.7,5742029,$33.06,$33.78,$32.66
01/06/2021,$32.98,7235050,$33.55,$33.57,$32.68
01/05/2021,$33.34,6660787,$32.14,$33.45,$32.09
01/04/2021,$31.97,7452246,$32.35,$32.59,$31.77
12/31/2020,$31.99,3332871,$32.02,$32.22,$31.98
12/30/2020,$31.97,3087765,$31.84,$32.23,$31.77
12/29/2020,$31.83,3466976,$32.13,$32.32,$31.83
12/28/2020,$31.8,3652120,$32.3,$32.45,$31.63
12/24/2020,$32.19,1734883,$32.13,$32.235,$31.94
12/23/2020,$32.1,3823319,$32.02,$32.4044,$31.94
12/22/2020,$31.9,3497722,$32.41,$32.43,$31.85
12/21/2020,$32.33,5845033,$32.15,$32.35,$31.61
12/18/2020,$32.79,3957051,$33.3,$33.39,$32.67
12/17/2020,$33.14,2659904,$33.46,$33.48,$32.98
12/16/2020,$33.27,3163428,$33.67,$33.71,$33.1
12/15/2020,$33.71,3866772,$33.52,$33.885,$33.31
12/14/2020,$33.35,5127111,$34.25,$34.29,$33.2955
12/11/2020,$34.1,2506508,$34.03,$34.12,$33.77
12/10/2020,$34.23,3803569,$33.71,$34.28,$33.61
12/09/2020,$33.55,4935574,$33.7,$33.81,$33.335
12/08/2020,$33.42,4489043,$33.37,$33.79,$33.25
12/07/2020,$33.28,3905030,$33.24,$33.375,$32.54
12/04/2020,$33.38,4870441,$33.15,$33.53,$33.06
12/03/2020,$32.73,4436034,$32.23,$33.03,$32.23
12/02/2020,$32.17,4163897,$31.23,$32.195,$31.23
12/01/2020,$31.34,4442154,$31.75,$31.93,$31.15
11/30/2020,$31.21,5594401,$32.15,$32.4,$31.11
11/27/2020,$31.86,2035292,$31.8,$31.96,$31.66
11/25/2020,$31.82,5536585,$31.32,$31.85,$31.24
11/24/2020,$31.32,5672774,$30.51,$31.45,$30.47
11/23/2020,$29.94,3738235,$29.65,$30.01,$29.46
11/20/2020,$29.25,3481420,$29.12,$29.32,$28.9666
11/19/2020,$29.14,3661471,$28.89,$29.17,$28.77
11/18/2020,$29.08,6456332,$29.75,$29.84,$29.08
11/17/2020,$29.68,4377231,$28.95,$29.7,$28.63
11/16/2020,$28.99,5454641,$28.88,$29.15,$28.82
11/13/2020,$28.43,9551169,$29.2,$29.255,$28.39
11/12/2020,$28.94,12912260,$29.71,$29.71,$28.48
11/11/2020,$30.47,8775174,$30.76,$30.83,$30.13
11/10/2020,$30.41,10340510,$29.37,$30.42,$29.23
11/09/2020,$28.95,7425075,$29.01,$29.68,$28.74
11/06/2020,$27.44,5552767,$28.57,$28.73,$27.44
11/05/2020,$28.39,4262158,$28.28,$28.75,$28.09
11/04/2020,$27.86,4556525,$28,$28.785,$27.58
11/03/2020,$27.72,4192731,$27.89,$27.98,$27.64
11/02/2020,$27.49,5229412,$27.84,$27.84,$27.3017
10/30/2020,$27.56,4977650,$27.44,$27.63,$27.15
10/29/2020,$27.56,4594890,$27.39,$27.68,$26.97
10/28/2020,$27.55,5253864,$27.92,$28.08,$27.51
10/27/2020,$28.31,2444055,$28.43,$28.62,$28.22
10/26/2020,$28.5,3897726,$28.8,$28.8,$28.2
10/23/2020,$28.92,4086201,$29.54,$29.64,$28.8
10/22/2020,$29.36,2883248,$28.88,$29.4,$28.8
10/21/2020,$28.91,3019361,$29,$29.14,$28.88
10/20/2020,$29.07,3018104,$29.06,$29.31,$29.02
10/19/2020,$29.06,2323738,$29.57,$29.69,$29.04
10/16/2020,$29.45,5088017,$29.4,$29.57,$29.1
10/15/2020,$29.27,3446049,$29.16,$29.31,$28.84
10/14/2020,$29.44,3494918,$29.61,$29.87,$29.36
10/13/2020,$29.61,2751337,$29.67,$29.865,$29.6
10/12/2020,$29.68,1725947,$29.91,$30.16,$29.505
10/09/2020,$29.83,2641520,$30.42,$30.57,$29.805
10/08/2020,$30.32,2876904,$29.37,$30.33,$29.34
10/07/2020,$29.21,3667152,$29.04,$29.29,$28.89
10/06/2020,$28.96,4050859,$29.84,$29.86,$28.865
10/05/2020,$29.54,2235175,$29.3,$29.59,$29.08
10/02/2020,$28.96,3010560,$28.5,$29.16,$28.45
10/01/2020,$29.04,3465268,$29.22,$29.445,$28.92
09/30/2020,$29.2,3594472,$29.64,$29.795,$29.19
09/29/2020,$29.55,2273364,$30.01,$30.02,$29.39
09/28/2020,$30.08,2332986,$30.2,$30.49,$29.95
09/25/2020,$29.99,2293954,$29.6,$30.07,$29.41
09/24/2020,$29.64,2748916,$29.4,$29.8807,$29.071
09/23/2020,$29.51,3033679,$30.47,$30.57,$29.49
09/22/2020,$30.51,2911745,$30.13,$30.61,$30.1
09/21/2020,$30.06,3570845,$30.2,$30.22,$29.36
09/18/2020,$30.5,2450747,$30.62,$30.73,$30.42
09/17/2020,$30.84,2554253,$30.72,$30.89,$30.41
09/16/2020,$30.95,2447717,$31.2,$31.45,$30.89
09/15/2020,$30.94,2657679,$31.12,$31.66,$30.92
09/14/2020,$30.9,3198048,$31.31,$31.45,$30.89
09/11/2020,$31.19,1892189,$31.2,$31.39,$30.9687
09/10/2020,$31.05,2506245,$31.78,$31.93,$31.03
09/09/2020,$31.73,2716957,$31.5,$32,$31.33
09/08/2020,$31.12,3270571,$31.15,$31.55,$30.91
09/04/2020,$31.58,4279771,$32.15,$32.285,$31.465
09/03/2020,$32.07,2709973,$32.42,$32.72,$31.917
09/02/2020,$32.56,2607029,$32.31,$32.935,$32.2883
09/01/2020,$32.25,2675731,$32.04,$32.37,$31.88
08/31/2020,$32.02,2584385,$32.63,$32.68,$32
08/28/2020,$32.56,2039861,$32.61,$32.7,$32.37
08/27/2020,$32.43,2482334,$32.19,$32.61,$32.171
08/26/2020,$32.15,2196765,$32.75,$32.75,$32.08
08/25/2020,$32.68,2682575,$32.84,$32.99,$32.4
08/24/2020,$32.8,2013570,$32.94,$33.08,$32.675
08/21/2020,$32.81,1615340,$32.7,$32.845,$32.49
08/20/2020,$32.79,2124772,$32.66,$32.98,$32.41
08/19/2020,$32.79,1994237,$33.07,$33.22,$32.76
08/18/2020,$32.97,3035054,$32.94,$33.2773,$32.86
08/17/2020,$32.91,2270070,$33,$33.04,$32.72
08/14/2020,$32.87,2157887,$32.69,$33.205,$32.66
08/13/2020,$32.87,4454956,$33.5,$33.5,$32.7
08/12/2020,$33.98,4697086,$33.94,$34.25,$33.835
08/11/2020,$33.52,3213248,$33.84,$34.03,$33.49
08/10/2020,$33.5,2436922,$33.16,$33.53,$33.1
08/07/2020,$33,1891659,$33,$33.05,$32.65
08/06/2020,$33.06,2117067,$32.84,$33.22,$32.725
08/05/2020,$32.85,3598840,$33.28,$33.39,$32.65
08/04/2020,$32.98,3588237,$31.97,$33.0313,$31.8
08/03/2020,$31.77,1723226,$32.05,$32.1,$31.72
07/31/2020,$32,2646005,$32.26,$32.3,$31.505
07/30/2020,$32.2,2858619,$32.46,$32.58,$31.775
07/29/2020,$32.64,4575734,$31.92,$32.65,$31.75
07/28/2020,$31.58,3431288,$31.35,$31.865,$31.24
07/27/2020,$31.31,3860978,$31.37,$31.41,$31.07
07/24/2020,$31.28,1785632,$31.24,$31.36,$31.075
07/23/2020,$31.25,2467072,$31.31,$31.54,$31.09
07/22/2020,$31.44,2631221,$31,$31.46,$30.81
07/21/2020,$30.96,2741371,$30.85,$31.5,$30.83
07/20/2020,$30.55,2583939,$30.75,$31,$30.54
07/17/2020,$30.66,2134030,$30.8,$30.975,$30.53
07/16/2020,$30.74,2335344,$30.85,$31.175,$30.73
07/15/2020,$30.98,2922350,$31.11,$31.2,$30.82
07/14/2020,$30.59,2861350,$29.6,$30.62,$29.41
07/13/2020,$29.7,2968189,$29.65,$29.99,$29.52
07/10/2020,$29.6,2619450,$29.63,$29.83,$29.48
07/09/2020,$29.59,2898106,$30.17,$30.17,$29.432
07/08/2020,$30.1,2285146,$30.01,$30.34,$29.85
07/07/2020,$29.94,3284024,$30.1,$30.56,$29.93
07/06/2020,$30.49,2537108,$31.17,$31.17,$30.22
07/02/2020,$30.63,1909521,$30.64,$31.09,$30.56
07/01/2020,$30.22,1735199,$30.42,$30.885,$30.11
06/30/2020,$30.42,3627712,$30.21,$30.52,$29.885
06/29/2020,$30.29,3107024,$29.82,$30.35,$29.75
06/26/2020,$29.63,4066218,$30.2,$30.2,$29.53
06/25/2020,$30.31,3486065,$29.95,$30.58,$29.88
06/24/2020,$30.1,3131713,$30.72,$30.77,$29.81
06/23/2020,$30.93,3065947,$31.4,$31.4,$30.87
06/22/2020,$31.03,2498496,$31.1,$31.27,$30.6
06/19/2020,$31.1,3564488,$32.17,$32.31,$31.1
06/18/2020,$31.8,2373623,$31.39,$31.958,$31.25
06/17/2020,$31.54,2479721,$32.11,$32.19,$31.48
06/16/2020,$32.1,3421589,$32.01,$32.24,$31.49
06/15/2020,$31.12,3110943,$30.23,$31.46,$30.14
06/12/2020,$31.01,7329663,$31.26,$31.42,$30.47
06/11/2020,$30.44,5794606,$31.33,$31.37,$30.32
06/10/2020,$32.27,3253628,$33.22,$33.22,$32.26
06/09/2020,$33.02,3551907,$33.62,$33.67,$33.02
06/08/2020,$33.9,4530485,$33.8,$33.99,$33.53
06/05/2020,$33.34,3001436,$33.59,$33.88,$33.31
06/04/2020,$32.72,2969791,$33.09,$33.2,$32.59
06/03/2020,$33.28,2757575,$33.52,$33.86,$33.27
06/02/2020,$33.32,2859412,$33.22,$33.555,$33.07
06/01/2020,$32.99,2963667,$32.57,$33.25,$32.42
05/29/2020,$32.45,3468490,$32.22,$32.64,$31.67
05/28/2020,$32.34,3178059,$32.31,$32.865,$32.2
05/27/2020,$32.16,2848619,$32.05,$32.21,$31.2166
05/26/2020,$31.71,3109341,$32.23,$32.29,$31.515
05/22/2020,$31.47,3016564,$31.2,$31.535,$30.795
05/21/2020,$31.52,2784419,$32,$32.1,$31.11
05/20/2020,$32.03,2559836,$32.7,$32.7,$31.79
05/19/2020,$32.08,3695414,$32.17,$32.6,$32.025
05/18/2020,$32,2867368,$32.37,$32.58,$32
05/15/2020,$31.18,3855327,$30.82,$31.21,$30.27
05/14/2020,$30.64,5208102,$30.22,$30.66,$29.2313
05/13/2020,$31.24,4229438,$32.23,$32.47,$30.94
05/12/2020,$32.23,8124993,$33,$33.37,$32.22
05/11/2020,$32.94,6525912,$31.82,$33.05,$31.73
05/08/2020,$32.04,5745829,$32.38,$32.55,$31.86
05/07/2020,$31.87,8451618,$31.5,$32.54,$31.44
05/06/2020,$30.58,4712872,$30.6,$30.885,$30.43
05/05/2020,$30.61,3234187,$30.82,$31.13,$30.42
05/04/2020,$30.11,3743885,$29.62,$30.28,$29.48
05/01/2020,$29.86,3357207,$30,$30.41,$29.745
04/30/2020,$30.68,4055149,$31.84,$31.91,$30.61
04/29/2020,$31.97,3964535,$31.02,$32.18,$31.02
04/28/2020,$30.39,4170996,$30.19,$30.73,$29.82
04/27/2020,$29.66,2856555,$29.2,$29.73,$28.92
04/24/2020,$29.21,2884532,$29.01,$29.35,$28.84
04/23/2020,$28.87,5068405,$29,$29.12,$28.58
04/22/2020,$28.65,4562974,$28.88,$28.88,$28.31
04/21/2020,$28.13,6291656,$28.37,$28.69,$28.12
04/20/2020,$29.32,8263291,$28.53,$30.12,$28.31
04/17/2020,$29.4,5830170,$29,$29.45,$28.795
04/16/2020,$28.5,5667366,$28.4,$28.97,$28.33
04/15/2020,$28.38,4304708,$28.7,$28.74,$28.12
04/14/2020,$29.51,6469445,$28.95,$29.5556,$28.73
04/13/2020,$28.7,6217381,$29.15,$29.32,$28.32
04/09/2020,$28.7,9871856,$28.83,$29.2739,$28.36
04/08/2020,$28.36,5947170,$28.33,$28.695,$28.09
04/07/2020,$28.16,7134920,$29.93,$29.93,$28.09
04/06/2020,$28.65,6061271,$29.36,$29.36,$28.36
04/03/2020,$27.95,7078590,$28.04,$28.2616,$27.38
04/02/2020,$27.49,10258210,$28.02,$29.264,$27.41
04/01/2020,$27.21,6441607,$27.98,$28.23,$26.9
03/31/2020,$29.09,8370627,$28.82,$29.17,$27.8
03/30/2020,$28.2,5628261,$27.4,$28.2625,$26.4207
03/27/2020,$27.74,6093880,$28.8,$28.8701,$27.59
03/26/2020,$29.74,8739125,$28.98,$30.645,$28.65
03/25/2020,$28.54,11164300,$27.75,$30.66,$27
03/24/2020,$26.92,11207140,$25.19,$27.035,$25.19
03/23/2020,$23.74,11320320,$25.12,$25.98,$23.35
03/20/2020,$25.63,9287708,$25.64,$27.89,$25.27
03/19/2020,$24.84,8099419,$23.82,$25.425,$22.84
03/18/2020,$23.92,9806502,$25.03,$26.11,$22.57
03/17/2020,$26.81,8158992,$27.58,$30.25,$26.51
03/16/2020,$27.31,6878421,$26.17,$29.25,$25.82
03/13/2020,$30.93,9964697,$29.26,$30.98,$25.71
03/12/2020,$25.96,10726790,$28.62,$29.04,$25.59
03/11/2020,$31.19,8876091,$31.43,$32.12,$30.92
03/10/2020,$32.33,9997339,$33.54,$33.58,$29.8
03/09/2020,$31.24,9757354,$32.68,$33.55,$27
03/06/2020,$38.02,6471433,$37.5,$38.1401,$37.02
03/05/2020,$38.49,4512924,$38.1,$38.76,$37.85
03/04/2020,$38.83,4073909,$38.58,$38.97,$38.3345
03/03/2020,$37.83,6161049,$38.63,$38.9335,$37.72
03/02/2020,$38.2,6644298,$37.72,$38.27,$37.03
02/28/2020,$37.43,9498214,$36.49,$37.44,$35.47
02/27/2020,$37.66,9300179,$38.23,$38.27,$37.08
02/26/2020,$39.22,6319354,$39.21,$39.96,$39.03
02/25/2020,$39.87,5178892,$40.94,$41.1623,$39.73
02/24/2020,$40.84,5013317,$40.64,$40.96,$40.03
02/21/2020,$41.87,2224659,$41.5,$42.08,$41.45
02/20/2020,$41.76,2777299,$41.96,$42.08,$41.59
02/19/2020,$41.97,3643123,$41.62,$42.04,$41.58
02/18/2020,$41.56,5690912,$41.68,$41.97,$41.28
02/14/2020,$42.2,4148218,$41.51,$42.25,$41.28
02/13/2020,$42.02,3550525,$42.31,$42.5,$41.96
02/12/2020,$43.06,3149766,$43.03,$43.1,$42.71
02/11/2020,$42.77,3259232,$42.8,$43.15,$42.7
02/10/2020,$42.58,6112157,$42.2,$42.59,$42.16
02/07/2020,$42.18,7870242,$41.94,$42.5863,$41.87
02/06/2020,$42.11,5705812,$41.83,$42.21,$41.77
02/05/2020,$41.82,3757836,$41.57,$41.88,$41.49
02/04/2020,$41.24,8601208,$41.35,$41.89,$41.13
02/03/2020,$41.07,6059085,$40.63,$41.25,$40.58
01/31/2020,$40.67,4495064,$40.95,$41.02,$40.47
01/30/2020,$41.26,2676448,$40.98,$41.26,$40.53
01/29/2020,$41.13,1890313,$41.13,$41.23,$40.98
01/28/2020,$41.09,2440088,$40.94,$41.1199,$40.86
01/27/2020,$40.83,2361136,$40.54,$40.8799,$40.5
01/24/2020,$41.05,2537453,$41.09,$41.16,$40.9
01/23/2020,$41,2566593,$40.84,$41.07,$40.61
01/22/2020,$40.84,2820506,$40.79,$40.95,$40.59
01/21/2020,$40.74,5723057,$40.66,$40.91,$40.65
01/17/2020,$40.52,1850968,$40.51,$40.66,$40.395
01/16/2020,$40.49,2532099,$40.28,$40.54,$40.225
01/15/2020,$40.2,2580052,$40.28,$40.43,$40.08
01/14/2020,$40.23,1971169,$40.39,$40.4,$40.06
01/13/2020,$40.27,2853210,$39.97,$40.28,$39.66
01/10/2020,$39.94,2729515,$39.84,$40,$39.67
01/09/2020,$39.84,3075254,$39.88,$39.88,$39.425
01/08/2020,$39.91,2442813,$39.68,$40,$39.62
01/07/2020,$39.74,4847095,$39.87,$39.93,$39.56
01/06/2020,$40.01,2216790,$39.7,$40.07,$39.65
01/03/2020,$39.64,1824779,$39.7,$39.75,$39.43
01/02/2020,$39.71,2094170,$39.8,$39.97,$39.555
12/31/2019,$39.77,1876673,$39.55,$39.82,$39.53
12/30/2019,$39.55,2332854,$39.63,$39.66,$39.39
12/27/2019,$39.59,1368188,$39.77,$39.86,$39.51
12/26/2019,$39.67,855755,$39.56,$39.82,$39.49
12/24/2019,$39.56,938963,$39.54,$39.6,$39.38
12/23/2019,$39.57,1840985,$39.47,$39.59,$39.295
12/20/2019,$39.42,2773110,$39.04,$39.5,$39.01
12/19/2019,$39.11,2518182,$39.02,$39.17,$38.92
12/18/2019,$39.07,3686855,$38.737,$39.2,$38.69
12/17/2019,$38.53,3090494,$38.7,$38.8458,$38.5
12/16/2019,$38.63,3302532,$38.56,$38.86,$38.47
12/13/2019,$38.31,3084088,$38.28,$38.34,$37.98
12/12/2019,$38.26,2469824,$38.51,$38.66,$38.235
12/11/2019,$38.65,2748818,$38.83,$38.9,$38.55
12/10/2019,$38.71,6797986,$38.82,$39.25,$38.68
12/09/2019,$38.8,5456116,$38.52,$38.9,$38.5
12/06/2019,$38.51,2366596,$38.4,$38.72,$38.38
12/05/2019,$38.47,2275506,$38.38,$38.51,$38.24
12/04/2019,$38.26,4817439,$38.19,$38.39,$38.14
12/03/2019,$37.97,2536548,$37.67,$38.01,$37.545
12/02/2019,$37.83,2145478,$37.93,$38,$37.5
11/29/2019,$38,970645,$37.97,$38.02,$37.765
11/27/2019,$37.95,2176358,$37.75,$37.95,$37.49
11/26/2019,$37.72,2031112,$37.75,$37.85,$37.63
11/25/2019,$37.78,2535574,$37.58,$37.89,$37.45
11/22/2019,$37.41,2634910,$37.78,$37.85,$37.39
11/21/2019,$37.76,2294478,$37.71,$37.77,$37.52
11/20/2019,$37.71,2729050,$37.47,$37.73,$37.31
11/19/2019,$37.62,3589419,$37.99,$38,$37.37
11/18/2019,$38.06,6974616,$38.16,$38.23,$37.97
11/15/2019,$38.18,2266107,$37.77,$38.21,$37.65
11/14/2019,$37.72,4010229,$38.19,$38.19,$37.475
11/13/2019,$38.73,4459810,$38.24,$38.77,$38.15
11/12/2019,$38.26,6261201,$37.83,$38.34,$37.78
11/11/2019,$37.76,3205498,$37.55,$37.9,$37.51
11/08/2019,$37.47,5536354,$36.85,$37.88,$36.74
11/07/2019,$36.73,2672753,$37.07,$37.08,$36.675
11/06/2019,$36.91,4268571,$36.91,$37.15,$36.81
11/05/2019,$36.92,3708515,$36.94,$37.16,$36.64
11/04/2019,$36.88,6391018,$36.91,$37.03,$36.71
11/01/2019,$36.87,2004452,$36.49,$36.87,$36.48
10/31/2019,$36.41,2113069,$36.44,$36.46,$36.1826
10/30/2019,$36.43,2032820,$36.49,$36.49,$36.21
10/29/2019,$36.43,2046028,$36.57,$36.63,$36.3567
10/28/2019,$36.64,2934719,$36.55,$36.8299,$36.55
10/25/2019,$36.48,1848128,$36.4,$36.53,$36.39
10/24/2019,$36.59,1644134,$36.64,$36.68,$36.335
10/23/2019,$36.56,2712001,$36.31,$36.69,$36.29
10/22/2019,$36.27,4223152,$36.31,$36.59,$36.22
10/21/2019,$36.21,4720039,$36.14,$36.26,$36.08
10/18/2019,$36.11,5153257,$35.81,$36.26,$35.75
10/17/2019,$35.74,2102346,$35.8,$35.86,$35.515
10/16/2019,$35.68,2796186,$35.63,$35.83,$35.61
10/15/2019,$35.69,3888077,$35.59,$35.87,$35.42
10/14/2019,$35.62,1240727,$35.78,$35.86,$35.4586
10/11/2019,$35.91,2467634,$36.05,$36.22,$35.89
10/10/2019,$35.66,3064382,$35.4,$35.75,$35.3
10/09/2019,$35.17,2463507,$34.87,$35.2,$34.84
10/08/2019,$34.78,2636551,$34.57,$34.91,$34.55
10/07/2019,$34.8,1449470,$34.72,$34.9,$34.5
10/04/2019,$34.8,2396753,$34.45,$34.835,$34.44
10/03/2019,$34.36,3831937,$34.11,$34.43,$33.79
10/02/2019,$34.14,8922317,$34.97,$35.01,$34.132
10/01/2019,$35.14,2621675,$35.07,$35.2752,$34.7
09/30/2019,$35.08,5223098,$35.99,$36.12,$35.04
09/27/2019,$36.05,3685951,$35.84,$36.06,$35.67
09/26/2019,$35.73,2231127,$35.3,$35.79,$35.27
09/25/2019,$35.31,2181383,$35.3,$35.39,$35.1036
09/24/2019,$35.37,2937532,$35.29,$35.56,$35.23
09/23/2019,$35.15,2246629,$35.35,$35.4,$35.0385
09/20/2019,$35.34,4013611,$35.3,$35.52,$35.2
09/19/2019,$35.2,2193996,$35.48,$35.56,$35.08
09/18/2019,$35.19,3038902,$35.37,$35.59,$35.19
09/17/2019,$35.25,2020259,$35.12,$35.33,$35.07
09/16/2019,$35.16,2611195,$35.43,$35.5762,$35.09
09/13/2019,$34.9,1780315,$34.77,$35.1201,$34.7
09/12/2019,$34.7,1831405,$34.7,$34.92,$34.46
09/11/2019,$34.77,1991371,$34.81,$34.95,$34.63
09/10/2019,$34.72,2153303,$34.44,$34.84,$34.37
09/09/2019,$34.4,2500075,$34.5,$34.55,$34.26
09/06/2019,$34.34,3029066,$34.09,$34.42,$34.04
09/05/2019,$34.07,3166859,$33.86,$34.292,$33.86
09/04/2019,$33.66,5509501,$33.7,$34.01,$33.63
09/03/2019,$33.47,8826135,$33.28,$33.69,$33.085
08/30/2019,$33.46,2945864,$33.49,$33.67,$33.33
08/29/2019,$33.32,3257158,$33.28,$33.42,$33.13
08/28/2019,$33.01,4159002,$33.01,$33.29,$32.88
08/27/2019,$32.9,2416793,$32.93,$33.16,$32.77
08/26/2019,$32.89,2749276,$32.92,$33.08,$32.8
08/23/2019,$32.61,3957387,$33.17,$33.39,$32.5011
08/22/2019,$33.39,5500196,$33.8,$33.98,$33.3401
08/21/2019,$33.85,3001799,$33.49,$34.02,$33.49
08/20/2019,$33.33,3048719,$33.58,$33.79,$33.24
08/19/2019,$33.71,4217141,$33.86,$34.0575,$33.69
08/16/2019,$33.62,2437098,$33.34,$33.65,$33.21
08/15/2019,$33.08,2097586,$32.7,$33.25,$32.6
08/14/2019,$32.76,2305507,$33.33,$33.74,$32.64
08/13/2019,$34.37,3037115,$33.54,$34.45,$33.47
08/12/2019,$33.7,2021779,$33.9,$33.9695,$33.565
08/09/2019,$33.81,2520430,$33.93,$34.14,$33.68
08/08/2019,$33.94,3274728,$33.7,$34.055,$33.32
08/07/2019,$33.52,4607580,$32.56,$33.62,$32.23
08/06/2019,$32.76,4462304,$33.05,$33.31,$32.47
08/05/2019,$32.93,5449703,$33.1,$33.24,$32.58
08/02/2019,$33.5,2807778,$33.71,$34,$33.38
08/01/2019,$33.64,3482692,$33.36,$33.87,$32.84
07/31/2019,$33.39,2373961,$33.55,$33.84,$33.18
07/30/2019,$33.33,2708606,$33.442,$33.52,$33.14
07/29/2019,$33.38,3511869,$33.79,$33.79,$33.31
07/26/2019,$33.6,3354314,$33.75,$34,$33.53
07/25/2019,$33.56,5906653,$35.09,$35.09,$33.44
07/24/2019,$34.99,1621240,$35.4,$35.44,$34.9
07/23/2019,$35.42,1753666,$35.805,$35.805,$35.4
07/22/2019,$35.73,2392184,$35.8,$35.94,$35.67
07/19/2019,$35.83,1427988,$36.15,$36.2346,$35.82
07/18/2019,$36.29,2367269,$36.11,$36.36,$35.88
07/17/2019,$36.11,2432083,$36.1,$36.26,$35.98
07/16/2019,$35.95,2088146,$36.21,$36.23,$35.7249
07/15/2019,$36.31,1408360,$36.56,$36.66,$36.16
07/12/2019,$36.51,1774585,$36.99,$36.99,$36.42
07/11/2019,$36.89,2090925,$36.65,$37,$36.64
07/10/2019,$36.75,1976669,$36.69,$36.91,$36.65
07/09/2019,$36.56,2178066,$35.8,$36.62,$35.78
07/08/2019,$35.98,2111631,$36.31,$36.36,$35.96
07/05/2019,$36.39,1999914,$36.32,$36.41,$36.05
07/03/2019,$36.25,1491776,$35.97,$36.27,$35.93
07/02/2019,$35.96,2838461,$36.05,$36.27,$35.85
07/01/2019,$36.17,3022476,$36.32,$36.47,$36.05
06/28/2019,$36.08,4183726,$35.58,$36.1,$35.545
06/27/2019,$35.54,3923145,$35.07,$35.6,$34.95
06/26/2019,$35.06,1989310,$34.99,$35.165,$34.7
06/25/2019,$34.84,1894349,$35.1,$35.17,$34.83
06/24/2019,$35.11,1674548,$35.21,$35.37,$35.05
06/21/2019,$35.16,3855725,$35.33,$35.49,$35.11
06/20/2019,$35.42,3278512,$35.4,$35.6,$35.2
06/19/2019,$34.92,2351255,$34.7,$34.9958,$34.62
06/18/2019,$34.59,3527312,$34.41,$34.72,$34.3008
06/17/2019,$34.24,2448758,$34.35,$34.5756,$34.09
06/14/2019,$34.48,3146599,$34.14,$34.61,$34.095
06/13/2019,$34.31,3634135,$34.28,$34.45,$34.15
06/12/2019,$34.18,6725758,$34.6,$34.72,$34.02
06/11/2019,$34.77,6890977,$35.5,$35.51,$34.77
06/10/2019,$35.4,3950016,$35.81,$35.87,$35.16
06/07/2019,$35.51,3149911,$35.59,$35.73,$35.48
06/06/2019,$35.42,4058634,$35.71,$35.77,$35.27
06/05/2019,$35.57,3604704,$35.89,$35.93,$35.52
06/04/2019,$35.73,6093022,$35.36,$35.79,$35.21
06/03/2019,$35.23,8848308,$37.06,$37.15,$35.1
05/31/2019,$36.87,3623924,$36.53,$36.87,$36.21
05/30/2019,$36.77,3996246,$37.23,$37.325,$36.74
05/29/2019,$37.13,4035560,$37.49,$37.665,$36.8
05/28/2019,$37.51,4508265,$37.64,$38.04,$37.51
05/24/2019,$37.47,1984507,$37.16,$37.545,$37.005
05/23/2019,$36.99,2380545,$36.82,$37.09,$36.57
05/22/2019,$37.25,1673557,$37.46,$37.53,$37.09
05/21/2019,$37.57,4496943,$37.53,$37.73,$37.22
05/20/2019,$37.35,1534311,$37.57,$37.6,$37.14
05/17/2019,$37.53,3104489,$37,$37.57,$36.95
05/16/2019,$37.05,3175430,$36.81,$37.2163,$36.77
05/15/2019,$36.67,2696794,$36.4,$36.83,$36.32
05/14/2019,$36.44,2686253,$36.82,$36.85,$36.425
05/13/2019,$37.26,3534695,$36.87,$37.275,$36.63
05/10/2019,$36.85,4505383,$37.05,$37.2,$36.27
05/09/2019,$36.55,2244173,$36.66,$36.91,$36.4
05/08/2019,$36.73,2109336,$36.58,$36.955,$36.53
05/07/2019,$36.56,2144059,$36.51,$36.75,$36.34
05/06/2019,$36.76,2302652,$36.29,$36.79,$36.29
05/03/2019,$36.65,2232454,$36.37,$36.6957,$36.32
05/02/2019,$36.3,3077004,$36.8,$36.8,$36.1
05/01/2019,$36.83,8509332,$36.99,$37.16,$36.74
04/30/2019,$36.94,2836272,$37.36,$37.42,$36.79
04/29/2019,$37.31,1564405,$37.47,$37.49,$37.005
04/26/2019,$37.4,3565855,$37.81,$37.81,$37.165
04/25/2019,$37.78,3659907,$37.86,$37.9,$37.32
04/24/2019,$37.83,3481968,$37.63,$37.96,$37.54
04/23/2019,$37.67,2650628,$37.25,$37.68,$37.07
04/22/2019,$37.33,3766845,$37.27,$37.47,$37.14
04/18/2019,$37.19,2285792,$37.13,$37.22,$36.89
04/17/2019,$37.12,2282763,$37.23,$37.4,$36.92
04/16/2019,$37.11,1590275,$37.34,$37.4,$37.075
04/15/2019,$37.27,1569483,$37.52,$37.53,$37.22
04/12/2019,$37.47,1924839,$37.39,$37.47,$37.09
04/11/2019,$37.17,1795501,$36.71,$37.25,$36.69
04/10/2019,$36.77,1921488,$36.92,$37.02,$36.735
04/09/2019,$36.84,2607716,$37.14,$37.15,$36.73
04/08/2019,$37.09,2296715,$37.01,$37.17,$36.85
04/05/2019,$36.96,2235338,$36.77,$36.96,$36.5801
04/04/2019,$36.83,2598343,$36.8,$37.005,$36.5776
04/03/2019,$36.85,2585380,$36.56,$36.88,$36.46
04/02/2019,$36.61,2549736,$36.49,$36.74,$36.41
04/01/2019,$36.4,4125883,$36.47,$36.51,$35.85
03/29/2019,$36.26,3584037,$36.88,$36.88,$36.25
03/28/2019,$36.63,1868821,$36.62,$36.74,$36.37
03/27/2019,$36.66,2165851,$36.55,$36.8351,$36.18
03/26/2019,$36.59,2097113,$36.65,$37.02,$36.455
03/25/2019,$36.5,2176020,$36.42,$36.52,$36.1
03/22/2019,$36.61,2361554,$36.66,$36.74,$36.34
03/21/2019,$36.78,4519694,$36.91,$37.1,$36.66
03/20/2019,$37.03,3300087,$37.05,$37.42,$36.73
03/19/2019,$37.05,2756269,$36.95,$37.31,$36.94
03/18/2019,$36.87,3314594,$36.56,$36.87,$36.5
03/15/2019,$36.52,3294437,$37,$37.06,$36.48
03/14/2019,$37.05,2194871,$36.87,$37.14,$36.82
03/13/2019,$36.97,2879910,$36.93,$37.125,$36.7488
03/12/2019,$36.77,2213543,$36.49,$36.99,$36.49
03/11/2019,$36.49,2994630,$36,$36.67,$36
03/08/2019,$35.93,4889010,$36.2,$36.2,$35.72
03/07/2019,$36.46,6234052,$36.2,$36.46,$35.89
03/06/2019,$36.07,3321164,$35.6,$36.14,$35.58
03/05/2019,$35.62,4987733,$35.06,$35.66,$35.06
03/04/2019,$35.06,10897280,$35.78,$35.78,$34.82
03/01/2019,$37.25,3596134,$37.06,$37.44,$37.03
02/28/2019,$36.99,3688165,$37.22,$37.33,$36.9
02/27/2019,$37.26,2863047,$37.2,$37.4885,$36.94
02/26/2019,$37.24,3430109,$36.84,$37.355,$36.82
02/25/2019,$36.87,2401770,$37.09,$37.13,$36.6
02/22/2019,$37.01,3891644,$37.11,$37.2,$36.63
02/21/2019,$36.97,4876017,$36.59,$37.095,$36.445
02/20/2019,$36.71,3764601,$36.37,$36.71,$36.37
02/19/2019,$36.29,3889710,$35.71,$36.4064,$35.67
02/15/2019,$35.82,4122474,$36.08,$36.26,$35.7264
02/14/2019,$35.7,3724150,$35.46,$35.98,$35.16
02/13/2019,$35.91,4258643,$35.9,$36.03,$35.77
02/12/2019,$35.67,5268648,$36.62,$36.62,$35.61
02/11/2019,$36.3,2659172,$36.05,$36.47,$35.899
02/08/2019,$36.1,4584796,$36.9,$36.9,$35.85
02/07/2019,$37.05,2783154,$37.31,$37.34,$36.46
02/06/2019,$37.44,1892296,$37.5,$37.69,$37.41
02/05/2019,$37.63,3424313,$37.43,$37.685,$37.29
02/04/2019,$37.44,2937485,$36.87,$37.45,$36.615
02/01/2019,$37,3624643,$36.76,$37.15,$36.7
01/31/2019,$36.62,2607682,$36.69,$36.9,$36.48
01/30/2019,$36.54,2836597,$36.59,$36.79,$36.29
01/29/2019,$36.45,3646826,$36.15,$36.53,$36.03
01/28/2019,$36.06,2494518,$35.68,$36.1,$35.66
01/25/2019,$36.09,2561799,$35.94,$36.1,$35.68
01/24/2019,$35.6,2482340,$35.65,$35.7,$35.25
01/23/2019,$35.61,3252532,$35.88,$35.91,$35.2609
01/22/2019,$35.66,5241441,$35.92,$36.12,$35.52
01/18/2019,$36.1,2836611,$35.82,$36.22,$35.81
01/17/2019,$35.67,2646570,$35.35,$35.87,$35.18
01/16/2019,$35.59,3643043,$35.57,$35.71,$35.33
01/15/2019,$35.59,5425827,$34.95,$35.7,$34.91
01/14/2019,$34.8,3837051,$34.35,$34.87,$34.3
01/11/2019,$34.54,3425038,$34.56,$34.65,$34.26
01/10/2019,$34.7,4913727,$34.47,$34.765,$34.16
01/09/2019,$34.48,5221356,$34.48,$34.76,$34.18
01/08/2019,$34.2,5769107,$33.85,$34.43,$33.81
01/07/2019,$33.51,6362517,$33,$33.64,$32.755
01/04/2019,$32.62,4488455,$32.18,$32.67,$32.08
01/03/2019,$31.75,4681524,$31.56,$31.95,$31.21
01/02/2019,$31.58,3833013,$30.74,$31.88,$30.54
12/31/2018,$31.08,4469934,$31.09,$31.24,$30.74
12/28/2018,$30.91,7434180,$30.545,$31.11,$30.395
12/27/2018,$30.4,6747535,$30.31,$30.4,$29.35
12/26/2018,$30.26,6684640,$29.34,$30.2826,$28.8215
12/24/2018,$30.26,4935044,$29.34,$30.2826,$28.8215
12/21/2018,$30.76,11300590,$31.03,$31.6,$30.71
12/20/2018,$31.05,11123830,$31.41,$32.13,$30.64
12/19/2018,$31.32,13327700,$30.88,$31.85,$30.8
12/18/2018,$30.72,10794430,$31.37,$31.41,$30.51
12/17/2018,$31.19,9113711,$31.88,$32.17,$31.06
12/14/2018,$31.95,14916560,$32.17,$32.4,$31.9
12/13/2018,$32.27,8038799,$31.79,$32.58,$31.77
12/12/2018,$31.76,7031638,$31.88,$32.06,$31.66
12/11/2018,$31.49,6432023,$32.09,$32.19,$31.23
12/10/2018,$31.4,5455280,$31.64,$31.79,$30.9339
12/07/2018,$31.93,5384348,$32.65,$32.65,$31.79
12/06/2018,$32.32,8552149,$32.53,$32.56,$31.53
12/04/2018,$32.86,4003223,$33.45,$33.84,$32.84
12/03/2018,$33.45,5234920,$33.29,$33.54,$33.15
11/30/2018,$32.73,7078665,$32.94,$32.97,$32.335
11/29/2018,$33.08,6912347,$32.44,$33.355,$32.44
11/28/2018,$32.35,5739981,$32.04,$32.45,$31.61
11/27/2018,$32,5166347,$32.25,$32.46,$31.95
11/26/2018,$32.29,4704269,$32.71,$32.99,$32.19
11/23/2018,$32.01,3583620,$33.03,$33.08,$32
11/21/2018,$33.47,5527170,$32.97,$33.73,$32.9
11/20/2018,$32.99,6520137,$32.95,$33.3509,$32.54
11/19/2018,$33.24,4526007,$32.29,$33.44,$32.29
11/16/2018,$32.44,3763599,$32.32,$32.545,$32.11
11/15/2018,$32.27,3468456,$32.14,$32.55,$31.91
11/14/2018,$32.17,4955295,$32.44,$32.71,$31.77
11/13/2018,$32.63,5108871,$32.92,$33.14,$32.3981
11/12/2018,$32.87,4513778,$32.92,$33.16,$32.74
11/09/2018,$32.83,6466065,$32.66,$33.35,$32.23
11/08/2018,$32.9,3590417,$33.12,$33.27,$32.69
11/07/2018,$33.17,5172104,$33.38,$33.67,$32.76
11/06/2018,$33.12,7229101,$32.65,$33.18,$32.6
11/05/2018,$32.32,4790958,$31.63,$32.44,$31.42
11/02/2018,$31.42,4472507,$32.01,$32.01,$30.95
11/01/2018,$31.67,4197307,$31.29,$31.7,$31.09
10/31/2018,$31.11,5865795,$30.78,$31.35,$30.64
10/30/2018,$30.48,5399678,$30.46,$30.67,$29.98
10/29/2018,$30.49,4067382,$31.42,$31.59,$30.205
10/26/2018,$31.26,4909425,$30.94,$31.48,$30.18
10/25/2018,$31.19,4377140,$31.89,$31.94,$31.08
10/24/2018,$31.52,2740584,$32.27,$32.45,$31.5
10/23/2018,$32.33,4368207,$32,$32.45,$31.3135
10/22/2018,$32.2,2599667,$32.79,$32.89,$32.16
10/19/2018,$32.69,4712595,$32.41,$33.09,$32.39
10/18/2018,$32.37,3402793,$32.36,$32.68,$32.25
10/17/2018,$32.41,4481112,$33.32,$33.32,$32.345
10/16/2018,$33.39,3540634,$32.54,$33.53,$32.36
10/15/2018,$32.32,2368448,$32.04,$32.67,$31.98
10/12/2018,$31.98,4115183,$32.12,$32.275,$31.5801
10/11/2018,$31.84,5461587,$32.5,$32.6,$31.74
10/10/2018,$32.67,3755686,$33.58,$33.59,$32.65
10/09/2018,$33.7,2193864,$33.64,$33.94,$33.46
10/08/2018,$33.7,2192112,$33.67,$33.95,$33.57
10/05/2018,$33.71,3658380,$33.86,$34,$33.5663
10/04/2018,$33.9,4150280,$33.66,$33.99,$33.55
10/03/2018,$33.79,3993745,$33.41,$33.9299,$33.2
10/02/2018,$33.36,3298483,$33.1,$33.5,$32.86
10/01/2018,$33.18,2901849,$32.58,$33.35,$32.55
09/28/2018,$32.29,4145224,$32.52,$32.63,$32.15
09/27/2018,$32.42,3464676,$32.51,$32.64,$32.37
09/26/2018,$32.42,4539007,$33.01,$33.06,$32.305
09/25/2018,$33.13,3241182,$33.92,$33.94,$33.09
09/24/2018,$33.82,3157827,$34.57,$34.71,$33.795
09/21/2018,$34.43,4864469,$34.49,$34.69,$34.17
09/20/2018,$34.4,3608668,$34.74,$34.78,$34.24
09/19/2018,$34.61,3353424,$34.58,$34.67,$34.1501
09/18/2018,$34.53,4054517,$34.21,$34.56,$33.96
09/17/2018,$34.28,2232987,$33.99,$34.615,$33.91
09/14/2018,$33.89,1797569,$34.08,$34.1654,$33.71
09/13/2018,$34.13,2303498,$34.25,$34.32,$34
09/12/2018,$34.16,1786861,$34.34,$34.48,$34.04
09/11/2018,$34.32,2715653,$33.77,$34.38,$33.67
09/10/2018,$33.75,1835372,$34.11,$34.2612,$33.72
09/07/2018,$34.02,2279142,$34.13,$34.2,$33.49
09/06/2018,$34.26,1943899,$34.65,$34.72,$34.015
09/05/2018,$34.63,3302519,$34.07,$34.67,$33.72
09/04/2018,$34.11,3101560,$34.02,$34.5368,$33.93
08/31/2018,$34.17,3101177,$34.53,$34.65,$34.05
08/30/2018,$34.76,3368908,$34.72,$34.95,$34.49
08/29/2018,$34.89,3124646,$35.11,$35.1357,$34.77
08/28/2018,$35.01,4517379,$35.81,$35.87,$34.98
08/27/2018,$35.59,3211934,$35.61,$35.69,$35.365
08/24/2018,$35.54,9491702,$35.71,$35.87,$35.315
08/23/2018,$36,1633399,$36.01,$36.3,$35.9
08/22/2018,$36.18,1528529,$35.98,$36.23,$35.96
08/21/2018,$35.89,1797770,$36.27,$36.47,$35.88
08/20/2018,$36.22,2179778,$35.96,$36.355,$35.81
08/17/2018,$36.03,3958244,$35.22,$36.07,$35.12
08/16/2018,$34.9,1999659,$35.24,$35.32,$34.86
08/15/2018,$35.08,1941030,$35.33,$35.33,$34.49
08/14/2018,$35.51,2011618,$35.64,$35.64,$35.32
08/13/2018,$35.7,2289005,$35.84,$35.96,$35.595
08/10/2018,$35.88,3022472,$36.04,$36.2,$35.8334
08/09/2018,$36.19,2275325,$35.76,$36.22,$35.68
08/08/2018,$35.77,2060901,$35.94,$35.94,$35.4
08/07/2018,$35.87,4444187,$36.49,$36.5,$35.659
08/06/2018,$36.51,1828307,$36.05,$36.57,$36.05
08/03/2018,$35.95,4120653,$35.66,$36.22,$35.58
08/02/2018,$35.45,2635807,$35.03,$35.525,$34.73
08/01/2018,$35.26,1929400,$35.16,$35.42,$34.99
07/31/2018,$35.43,2875591,$35.32,$35.63,$35.165
07/30/2018,$35.31,1818314,$35.12,$35.42,$34.99
07/27/2018,$34.94,2496965,$35.04,$35.55,$34.84
07/26/2018,$35.15,2382867,$34.73,$35.29,$34.63
07/25/2018,$34.94,3285680,$35.07,$35.2,$34.705
07/24/2018,$34.81,2685876,$34.73,$34.94,$34.59
07/23/2018,$34.56,2112180,$34.67,$34.67,$34.25
07/20/2018,$34.61,3668380,$35.61,$35.61,$34.505
07/19/2018,$35.24,7930206,$34.72,$35.41,$34.54
07/18/2018,$34.21,2748015,$34.4,$34.43,$34
07/17/2018,$34.5,3331085,$35.25,$35.25,$34.48
07/16/2018,$35.36,2270188,$35.495,$35.53,$35.1751
07/13/2018,$35.58,2386572,$35.7,$35.81,$35.51
07/12/2018,$35.83,3692412,$35.61,$35.88,$35.17
07/11/2018,$35.41,2118235,$35.5,$35.7,$35.18
07/10/2018,$35.79,2738157,$35.47,$35.83,$35.3435
07/09/2018,$35.47,3100397,$35.71,$35.71,$35.245
07/06/2018,$35.61,3220302,$35.03,$35.695,$34.76
07/05/2018,$35.1,3764492,$36,$36.17,$34.97
07/03/2018,$35.19,2126488,$35.19,$35.579,$34.99
07/02/2018,$35,4413033,$35.51,$35.51,$34.74
06/29/2018,$35.69,17735140,$34.56,$36.11,$34.47
06/28/2018,$33.11,8946994,$31.83,$33.62,$31.71
06/27/2018,$31.68,3125169,$32.33,$32.37,$31.585
06/26/2018,$32.16,4409836,$31.39,$32.27,$31.36
06/25/2018,$31.28,3249558,$31.54,$31.64,$31.195
06/22/2018,$31.73,3604838,$31.7,$31.82,$31.46
06/21/2018,$31.26,2852659,$31.71,$31.77,$31.15
06/20/2018,$31.75,3471788,$31.86,$31.99,$31.67
06/19/2018,$31.7,3720129,$32,$32.13,$31.58
06/18/2018,$32.31,3016697,$31.99,$32.31,$31.89
06/15/2018,$32.03,4135093,$32.36,$32.58,$32
06/14/2018,$32.6,2925431,$32.45,$32.8462,$32.38
06/13/2018,$32.41,3531651,$32.53,$32.77,$32.19
06/12/2018,$32.46,2792863,$32.29,$32.49,$32.095
06/11/2018,$32.26,3318532,$31.34,$32.4,$31.2
06/08/2018,$31.33,2715383,$31.35,$31.41,$31.06
06/07/2018,$31.29,3605201,$31.06,$31.41,$31
06/06/2018,$30.97,4954738,$31.66,$31.77,$30.93
06/05/2018,$31.5,3800527,$31.05,$31.6,$31.03
06/04/2018,$31.17,3536721,$30.87,$31.37,$30.86
06/01/2018,$30.73,4706402,$31.18,$31.18,$30.66
05/31/2018,$31.07,4568358,$31.01,$31.14,$30.8
05/30/2018,$31.13,4629775,$30.67,$31.2,$30.5599
05/29/2018,$30.6,3692567,$31.11,$31.17,$30.36
05/25/2018,$31.24,2963640,$31.36,$31.36,$31.02
05/24/2018,$31.58,3333876,$31.64,$31.75,$31.436
05/23/2018,$31.77,5085182,$31.39,$31.85,$31.16
05/22/2018,$31.57,5220977,$32.22,$32.5203,$31.43
05/21/2018,$31.94,3323181,$32.28,$32.3,$31.795
05/18/2018,$32.16,5835398,$32.82,$32.87,$31.815
05/17/2018,$33,5733685,$32.8,$33.16,$32.68
05/16/2018,$32.7,3313723,$33.14,$33.2,$32.645
05/15/2018,$33.07,3253235,$33.01,$33.16,$32.8
05/14/2018,$33.25,3370327,$33.54,$33.59,$33.175
05/11/2018,$33.76,3715160,$33.25,$33.795,$33.14
05/10/2018,$33.12,4529825,$33.08,$33.72,$32.79
05/09/2018,$32.11,3605328,$32.03,$32.227,$31.79
05/08/2018,$31.2,3607191,$31.51,$31.53,$31.025
05/07/2018,$31.56,2427820,$31.5,$31.82,$31.4
05/04/2018,$31.38,2547719,$30.73,$31.43,$30.68
05/03/2018,$30.9,2713271,$30.77,$31.0699,$30.44
05/02/2018,$30.67,2231820,$30.65,$31.03,$30.59
05/01/2018,$30.62,2685423,$30.25,$30.71,$30.24
04/30/2018,$30.27,3919297,$29.75,$30.43,$29.68
04/27/2018,$29.8,5448058,$29.59,$29.8,$29.3731
04/26/2018,$29.42,3731427,$29.47,$29.625,$29.38
04/25/2018,$29.27,5645981,$29.25,$29.6799,$29
04/24/2018,$29.39,10068590,$30.72,$30.75,$29.26
04/23/2018,$31.01,3508726,$31.157,$31.22,$30.895
04/20/2018,$31.21,4632930,$31.97,$32,$31.18
04/19/2018,$31.98,4518261,$33.28,$33.28,$31.87
04/18/2018,$33.1,2928413,$33.09,$33.61,$33
04/17/2018,$32.98,3252119,$32.95,$33.58,$32.735
04/16/2018,$32.59,2068816,$32.15,$32.83,$32.03
04/13/2018,$32.06,2239888,$32,$32.335,$31.8
04/12/2018,$31.95,1628716,$31.91,$32.19,$31.84
04/11/2018,$31.9,2307898,$32.03,$32.19,$31.88
04/10/2018,$32.09,2755620,$31.98,$32.415,$31.91
04/09/2018,$31.62,3710180,$31.36,$31.81,$31.165
04/06/2018,$31.23,2744914,$31.419,$31.8,$31.02
04/05/2018,$31.49,5957435,$30.96,$31.73,$30.75
04/04/2018,$30.89,4441254,$30.02,$31.06,$29.61
04/03/2018,$30.31,3386201,$30.76,$30.76,$29.77
04/02/2018,$30.59,2702335,$31.41,$31.41,$30.25
03/29/2018,$31.47,3688032,$30.39,$31.51,$30.32
03/28/2018,$30.36,3086898,$30.26,$30.64,$30.2001
03/27/2018,$30.44,5110678,$30.13,$31.06,$29.86
03/26/2018,$29.95,4365181,$30.04,$30.22,$29.54
03/23/2018,$29.91,3651073,$30.79,$31.04,$29.835
03/22/2018,$30.63,3596913,$30.85,$30.88,$30.31
03/21/2018,$31.13,5240272,$29.99,$31.27,$29.69
03/20/2018,$29.93,3726246,$30.85,$30.91,$29.84
03/19/2018,$30.7,4724822,$31.55,$31.63,$30.4831
03/16/2018,$31.54,10581690,$31.63,$32.22,$31.33
03/15/2018,$31.46,10936360,$33.21,$33.22,$30.63
03/14/2018,$33.09,3616732,$33.1,$33.62,$33.0787
03/13/2018,$32.89,2380387,$32.82,$33.09,$32.57
03/12/2018,$32.66,2267240,$31.97,$32.72,$31.89
03/09/2018,$32.01,2976270,$32.07,$32.07,$31.595
03/08/2018,$31.88,1779159,$31.53,$31.89,$31.4
03/07/2018,$31.43,2486515,$31.65,$31.74,$31.19
03/06/2018,$31.77,2077484,$31.82,$31.86,$31.64
03/05/2018,$31.57,2617103,$31.31,$31.66,$31.22
03/02/2018,$31.48,2890855,$31.62,$31.71,$31.31
03/01/2018,$31.81,3830922,$31.8,$32.05,$31.47
02/28/2018,$31.82,3344374,$33.07,$33.17,$31.81
02/27/2018,$32.99,2758501,$33.86,$33.96,$32.94
02/26/2018,$33.92,2647851,$33.77,$33.95,$33.54
02/23/2018,$33.76,3100473,$33.69,$33.84,$33.42
02/22/2018,$33.48,2820837,$34.2,$34.22,$33.45
02/21/2018,$34.11,2882386,$34.15,$34.625,$34.05
02/20/2018,$34.08,3189105,$34.15,$34.6167,$34.03
02/16/2018,$34.27,3346176,$34.77,$34.92,$34.22
02/15/2018,$34.55,4973479,$34.52,$35.25,$34.04
02/14/2018,$34.3,4396153,$34.22,$34.41,$33.82
02/13/2018,$35.03,2317956,$34.57,$35.13,$34.31
02/12/2018,$34.73,2968351,$34.36,$34.9,$34.14
02/09/2018,$34.02,4121041,$34.48,$34.68,$33.26
02/08/2018,$34.34,4212826,$35.31,$35.31,$34.34
02/07/2018,$35.16,3325804,$35.22,$35.2948,$34.7
02/06/2018,$35.04,5081572,$34.25,$35.2,$33.61
02/05/2018,$34.37,5822494,$34.55,$35.0367,$34.21
02/02/2018,$34.7,5274459,$35.61,$35.61,$34.645
02/01/2018,$35.86,3740487,$36.63,$36.72,$35.82
01/31/2018,$36.63,2326597,$36.94,$36.94,$36.395
01/30/2018,$36.81,3237155,$37.45,$37.61,$36.77
01/29/2018,$37.58,3563565,$38.07,$38.07,$37.56
01/26/2018,$38.19,2959810,$38.66,$38.71,$38.08
01/25/2018,$38.62,2478829,$39.67,$39.86,$38.45
01/24/2018,$39.5,2396711,$39.74,$39.8,$39.3299
01/23/2018,$39.49,2757025,$39.57,$39.71,$39.34
01/22/2018,$39.64,2530244,$39.53,$39.64,$39.3
01/19/2018,$39.39,2028319,$39.68,$39.75,$39.29
01/18/2018,$39.72,1741303,$39.8,$39.83,$39.37
01/17/2018,$39.81,1707206,$39.95,$39.9867,$39.33
01/16/2018,$39.78,1761873,$40.05,$40.07,$39.65
01/12/2018,$39.74,2462435,$39.66,$39.8762,$39.45
01/11/2018,$39.49,2389128,$39.34,$39.55,$39.0514
01/10/2018,$39.16,3758573,$40.14,$40.355,$38.99
01/09/2018,$40.24,1726165,$40.89,$40.89,$40.22
01/08/2018,$40.73,1497184,$40.75,$40.86,$40.59
01/05/2018,$40.74,2499745,$41.04,$41.21,$40.585
01/04/2018,$40.77,2025684,$40.59,$40.8,$40.49
01/03/2018,$40.41,1839100,$40.29,$40.5,$39.92
01/02/2018,$40.14,2464147,$39.36,$40.22,$39.18
12/29/2017,$39.11,1824718,$39.32,$39.38,$39.01
12/28/2017,$39.21,1518505,$38.94,$39.25,$38.85
12/27/2017,$38.9,1528434,$38.78,$39,$38.66
12/26/2017,$38.8,939425,$38.65,$38.965,$38.56
12/22/2017,$38.63,1613155,$38.61,$38.695,$38.32
12/21/2017,$38.66,2057170,$38.49,$38.86,$38.12
12/20/2017,$38.53,2054135,$38.89,$38.94,$38.43
12/19/2017,$38.83,2355183,$39.13,$39.23,$38.78
12/18/2017,$39.07,2887783,$38.97,$39.39,$38.94
12/15/2017,$38.72,2785386,$38.7,$39.01,$38.6
12/14/2017,$38.67,3775966,$38.59,$39.08,$38.57
12/13/2017,$38.64,3589513,$38.19,$38.755,$38.19
12/12/2017,$38.37,1974966,$38.54,$38.74,$38.25
12/11/2017,$38.55,2355290,$38.49,$38.78,$38.19
12/08/2017,$38.34,1612313,$38.53,$38.57,$38.03
12/07/2017,$38.45,1943314,$38.01,$38.515,$37.89
12/06/2017,$38.14,2286762,$38.4,$38.53,$38.0162
12/05/2017,$38.39,2246664,$38.35,$38.49,$38.28
12/04/2017,$38.31,3287100,$38.43,$38.4495,$38.125
12/01/2017,$38.29,5912130,$38.12,$38.36,$37.79
11/30/2017,$37.71,6967710,$37.97,$38.67,$37.14
11/29/2017,$35.63,3060843,$36.16,$36.24,$35.43
11/28/2017,$36.26,1806038,$36.45,$36.59,$36.18
11/27/2017,$36.27,3280447,$37.3,$37.31,$36.245
11/24/2017,$37.16,1691598,$37.41,$37.52,$37.09
11/22/2017,$36.98,4806113,$37.13,$37.28,$36.755
11/21/2017,$36.8,4647139,$36.2,$36.87,$36.06
11/20/2017,$35.87,4260554,$35.42,$36.05,$35.25
11/17/2017,$35.16,5705852,$34.51,$35.1801,$34.46
11/16/2017,$34.5,2755484,$34.58,$34.73,$34.44
11/15/2017,$34.52,4243693,$34.75,$34.91,$34.39
11/14/2017,$34.97,6840049,$35.81,$35.85,$34.81
11/13/2017,$36.22,2393928,$36.37,$36.37,$36
11/10/2017,$36.48,2128723,$36.64,$36.64,$36.33
11/09/2017,$36.64,2299561,$36.74,$36.74,$36.52
11/08/2017,$36.79,2899211,$36.91,$36.91,$36.68
11/07/2017,$36.71,3234668,$36.74,$36.8,$36.53
11/06/2017,$36.82,2574527,$36.83,$36.9,$36.5149
11/03/2017,$36.69,2784499,$37.1,$37.11,$36.49
11/02/2017,$36.71,5013440,$38.22,$38.22,$36.62
11/01/2017,$38.32,2766432,$38.36,$38.8,$38.31
10/31/2017,$38.46,2442173,$38.48,$38.71,$38.34
10/30/2017,$38.58,1860932,$38.47,$38.89,$38.44
10/27/2017,$38.42,3080562,$37.89,$38.48,$37.6
10/26/2017,$37.96,2882815,$38.04,$38.21,$37.81
10/25/2017,$38.01,3476903,$38.89,$38.9,$37.83
10/24/2017,$38.86,2844440,$39.15,$39.38,$38.76
10/23/2017,$39.05,2384903,$39.45,$39.56,$38.89
10/20/2017,$39.31,3889444,$40.23,$40.25,$39.3
10/19/2017,$40.33,2988975,$40.3,$40.71,$40.14
10/18/2017,$40.46,1885343,$41.34,$41.35,$40.34
10/17/2017,$41.3,1568861,$41.48,$41.51,$41.03
10/16/2017,$41.51,1008029,$41.4,$41.58,$41.3
10/13/2017,$41.49,1179352,$41.67,$41.72,$41.46
10/12/2017,$41.49,1670753,$41.49,$41.72,$41.36
10/11/2017,$41.71,1359123,$41.3,$41.75,$41.3
10/10/2017,$41.36,1209202,$41.46,$41.67,$41.29
10/09/2017,$41.12,761678,$41.32,$41.4,$41.07
10/06/2017,$41.32,1805860,$41.38,$41.44,$40.85
10/05/2017,$41.47,1825874,$41.74,$41.85,$41.42
10/04/2017,$41.81,2184084,$41.99,$42.07,$41.78
10/03/2017,$41.97,2223039,$41.76,$42.1,$41.61
10/02/2017,$41.75,1458839,$41.75,$42,$41.59
09/29/2017,$41.84,2085712,$41.45,$41.9,$41.41
09/28/2017,$41.53,1942809,$41.39,$41.68,$41.23
09/27/2017,$41.24,1955415,$41.21,$41.32,$40.9199
09/26/2017,$41.22,1727424,$41.24,$41.3,$40.92
09/25/2017,$41.23,1517495,$41.1,$41.36,$40.78
09/22/2017,$41.04,1657912,$41.5,$41.61,$40.9141
09/21/2017,$41.44,1452364,$41.29,$41.56,$41.2445
09/20/2017,$41.31,1766603,$41.3,$41.73,$41.06
09/19/2017,$41.22,1298569,$41.09,$41.33,$40.8901
09/18/2017,$40.96,2128854,$41.1,$41.39,$40.81
09/15/2017,$41.13,1846078,$41.07,$41.31,$40.9
09/14/2017,$41.14,1157849,$40.94,$41.2,$40.81
09/13/2017,$40.95,1862675,$41.04,$41.19,$40.9
09/12/2017,$40.96,2478344,$40.93,$41.03,$40.57
09/11/2017,$40.86,1741648,$40.53,$40.925,$40.49
09/08/2017,$40.52,1786779,$40.71,$40.71,$40.3835
09/07/2017,$40.64,1778330,$40.99,$41.03,$40.6
09/06/2017,$40.81,2286870,$40.29,$41.16,$40.22
09/05/2017,$40.21,1774551,$40.61,$40.72,$39.91
09/01/2017,$40.45,1581071,$40.23,$40.59,$40.15
08/31/2017,$39.99,2063890,$39.69,$40.0599,$39.34
08/30/2017,$39.5,1537008,$39.61,$39.63,$39.18
08/29/2017,$39.77,2188890,$39.73,$39.78,$39.35
08/28/2017,$39.9,1474499,$40.5,$40.5,$39.81
